Name,Email,Phone,Address,Date_of_Birth,Salary
Donna Schneider,goodmancesar@gmail.com,989.248.2739x0758,"6932 Mckenzie Ports Apt. 212
Jamestown, VA 27364",1974-09-06,63834
Kyle Brewer,denisemanning@jenkins.com,621-610-7149,"364 Salinas Port Apt. 615
Lake Carlburgh, FL 73936",1980-03-23,56634
Jacob Young,deniseadams@hotmail.com,847-944-9635,"87898 Ortiz Divide
Wrightport, IN 59110",1940-06-10,132530
Jessica Anderson,ericbryant@yahoo.com,242-458-9961,"0527 Pugh Stravenue Apt. 655
West Kelly, MN 83956",1977-12-12,92139
Jonathan Lopez,sullivanmelissa@hotmail.com,107-180-4156,"208 Julia Junction
Lake Susan, ME 63583",1978-04-21,129014
Christina Higgins,hendersonchristopher@hotmail.com,001-397-570-1685,"55451 Ryan Lodge
Aliciaside, MS 96172",1976-12-02,59946
Christopher Kim,yoderelizabeth@rodriguez.com,550-470-8356,"1543 Margaret Hill
Ayerstown, FL 24071",1946-08-25,72871
Brian Schwartz,allison80@smith.net,001-781-765-0699,"28853 Lisa Shoal
Simsmouth, MS 61421",1951-02-16,84937
Charles Hernandez,wmoore@walker.com,916.333.8172x45805,"30955 Richard Bridge
Lake Teresa, WA 69046",1992-07-27,43948
Cynthia Parker,turnermarc@olsen-harper.com,3022359232,"008 Andrea Mills
Barbaraton, PA 04290",1935-03-01,38135
Jennifer Chapman,umiller@yahoo.com,+1-813-603-1261,"Unit 0362 Box 3456
DPO AE 20565",1995-10-29,87691
Melissa Murray,christopher25@oconnor.com,179-412-4776x27853,"PSC 0858, Box 5195
APO AA 17542",1946-03-09,116199
Michael Dean,tammyrhodes@gmail.com,588.330.0955,"90250 Matthew Overpass
Josephside, TN 87201",1992-01-22,66329
Michael Ross,andreamendoza@gmail.com,321.399.4575x0804,"82954 Cox Views Apt. 350
East Christine, NE 46631",1998-11-02,52120
Sonya Simmons,zevans@hotmail.com,1546878094,"1927 Cruz Ford Suite 295
South Robertland, WI 27079",1989-08-08,101230
Emily Brown,davislisa@castillo.com,+1-207-692-9411x772,"24914 Reynolds Crossroad Suite 522
Saunderschester, AK 72640",1963-10-26,80611
Daniel Meyer,blacklaura@hotmail.com,0304605986,"3382 Loretta Estate
Sweeneyport, MT 41567",1963-01-10,43821
Michael Owens,ohutchinson@gmail.com,5294285297,"PSC 5024, Box 8015
APO AP 55149",1963-12-26,116255
Taylor Stephens,douglasjones@jimenez-cunningham.biz,+1-554-994-8127,"611 Myers Trail
Davidhaven, WV 14487",1974-09-12,122690
Kenneth Gray,ericmay@gutierrez.biz,121-507-9183,"6461 Melissa Junction Suite 957
North Crystalside, MI 84692",2005-05-08,53930
Tyler Wolf,allenandrea@hotmail.com,355.838.1868x2375,"07499 Debra Rapids
Jenniferstad, KY 16449",1943-01-25,130540
Heather Tapia,aaronclark@gmail.com,(518)663-2703x07995,"USNV Blackwell
FPO AP 54472",1991-06-09,97431
Kirk Brown,asmith@ingram.net,743.230.5901x8123,"798 Diana Ridge Suite 015
South Robin, AR 85930",1998-05-21,64115
Willie Andrade,robert66@yahoo.com,+1-772-710-9278x94001,"8055 Jessica Route
New Ashley, VT 60654",1994-06-08,80504
Douglas Nash,williamsdennis@martinez.info,(319)742-8192x528,"66381 Morgan Mews
West Nathanberg, MN 55219",1939-07-21,139945
Veronica Paul,ramoskent@matthews.info,824-399-4976x1409,"890 Mary Lake
Amberside, NC 84958",1980-10-11,69610
Dr. Jason Morrow,marc40@roman.com,7806209347,"891 Eileen Estate Suite 035
East Jonathan, WY 21270",1976-09-12,64256
Joshua Shepherd,vanceheather@hotmail.com,278-292-6269x965,"3559 Dylan Crossing
North Jonburgh, WI 55030",1941-09-13,147408
Terri Freeman DVM,mooredavid@yahoo.com,001-015-389-0864,"799 Marc Forest
Shortburgh, IL 60282",1934-08-26,145267
Christopher Ellis,diazsusan@carter-howell.info,+1-609-264-0223x738,"251 Austin Pine
South Katherineberg, WV 31076",1983-12-22,33278
Tina Cook,kimberly31@mcfarland.org,(601)647-2854x79061,"USNV Collins
FPO AP 97935",2002-09-08,132521
Jason Campbell,kelleykayla@fischer-herrera.com,3946221899,"03598 Moore Prairie
Kristenville, RI 28171",1948-05-04,140145
Deanna Baird,parsonsbryan@yahoo.com,834.298.8905x509,"3544 Davis Roads
New Kathryntown, MT 59088",1992-12-22,53531
Raymond Brown,lopezdavid@gmail.com,001-122-386-1199x2016,"196 Sara Street Apt. 639
Nortonview, MO 39944",1934-01-26,98262
Rick Avila,vreyes@copeland-johnson.net,021.457.1430,"32299 Brown Throughway Apt. 764
Gonzalezhaven, SD 32872",1936-01-14,50998
Marie Ruiz,kristenjackson@hotmail.com,001-925-727-6263,"565 Jason Skyway
Huntton, GA 01164",1968-01-12,64408
Kerry Gonzalez,lynncharles@johnson.info,546.182.8870,"9287 Andrew Road Apt. 485
North Amberton, UT 03225",1945-12-10,83978
Cynthia Henson,ksimpson@hernandez-hamilton.com,683.440.8882x02506,"368 Stephanie Mountain Suite 078
West Darleneburgh, ND 76190",1982-04-18,97901
Kenneth Green,keithjames@smith.com,(834)609-0815x5776,"01355 Christopher Island
Allenburgh, SC 52843",1968-07-16,87849
Jacob Mendez,smithrichard@yahoo.com,(690)199-2207x13139,"7292 Dustin River Suite 484
Lake Tiffanyburgh, OK 26988",2001-05-21,120463
Henry Rodriguez,stephenhart@brooks.com,(349)796-8352x858,"0230 Arellano Mountain
Jessicaborough, OH 40648",2006-07-10,65615
Joel Hernandez,michaelvillanueva@hotmail.com,001-026-608-6534x31891,"93111 Graves Port
West Loganville, RI 02247",1950-05-20,77211
Natalie Hinton,williamsjoseph@thompson-richardson.org,732-132-0731,"USNV Conner
FPO AE 52584",1981-12-28,141743
Roy Atkins,vthompson@hotmail.com,+1-795-115-8296x51167,"7808 April Ridge Apt. 927
North Lisastad, ID 78990",1989-09-19,37004
Zachary Wiley,iluna@lynn-wilson.com,7922891488,"7457 Estrada Parks Suite 749
Coltonbury, MI 21740",1945-12-26,90705
Arthur Ayala,donovanalicia@mckinney-smith.com,025.936.4610,"155 Howell Cliff
Amyfort, NC 95527",1982-01-14,146518
Stephen Montgomery,wrodriguez@holt-carlson.org,525-233-5887x8215,"13407 Timothy Freeway Suite 143
East Teresaville, DC 21523",1985-11-09,99253
Gregory Patton,vasquezcharles@hotmail.com,+1-254-353-6308x639,"131 Megan Estate
Hectorstad, IL 69067",2005-03-19,82458
Brian Alexander,schultzbrandon@hotmail.com,048-238-0940,"USCGC Fernandez
FPO AE 70680",1974-02-01,146207
Justin Fischer,qcochran@johnson-walker.biz,069.715.5288,"091 Baker Valleys Suite 094
Bakershire, TX 54360",1939-08-09,149977
Rachel Davis,christopher78@mccall-key.com,8668601688,"0653 Mary Inlet
Chelseaview, VA 77963",1979-03-22,87836
Jack Bradley,kevin87@jacobson.com,070-142-5420x47494,"Unit 9007 Box 0772
DPO AP 79459",2000-04-06,79583
Darrell Barnes,matthew29@gmail.com,482.838.3703x916,"3477 Daniel Mission
Larsonmouth, MA 80298",2004-09-05,112713
Joseph Estrada,anthonyfrancis@hughes.com,086-340-4499x3673,"50803 Haney Glens Suite 803
Perryside, WI 68043",1980-06-23,136044
Chelsea Fitzpatrick,christopherjohnson@gmail.com,923-277-1781,"32559 Mitchell Ford
New Justin, NE 79251",1949-09-06,144796
Jerry Mitchell,iballard@richardson.net,(635)034-8404,"9471 Cook Spring
Port Williamborough, CA 74591",1978-07-10,76107
John Benson,gary04@anderson-williams.net,276-834-8776,"03723 Esparza Turnpike Apt. 244
Port Kellyborough, NJ 36289",1954-03-19,149424
Christian Bauer,tjohnson@gmail.com,031-837-1871x6302,"6810 Stewart Villages Suite 429
Ryanside, FL 38038",1955-01-02,134521
Barry Douglas,brooke21@yahoo.com,001-305-583-0277,"563 Cindy Flat Apt. 817
East Sylvia, KS 53849",1985-06-24,94848
Timothy Morris,johnsonglenn@yahoo.com,012-840-8672,"09821 Tina Courts
Brandyborough, DE 59105",1960-09-06,128834
Wyatt Thompson,georgewilson@gmail.com,471-369-8913,"60825 Christina Plains Apt. 177
South Rachel, WI 15846",1946-09-04,140771
Jennifer Garrett,wwilson@nash.com,(520)446-9031x087,"61125 Lopez Terrace Suite 679
Lake Jeremy, AL 70413",1951-03-18,85541
Jennifer Zimmerman,lwood@velazquez.net,+1-996-518-9289x50201,"1485 Johnson Way Suite 905
West Johnfort, VT 09803",1986-11-01,39737
Robert Key,cindymartin@gmail.com,637-446-0235x298,"4286 Miranda Fields
South Martin, WV 72669",1963-03-29,70602
Nathan Garner,srose@yahoo.com,198.669.5067,"275 Walker Valley Apt. 224
Port Josechester, WA 83713",1940-08-24,62178
Donna Thompson,kimberlymiller@yahoo.com,117.461.4200,"48383 Jessica Tunnel
Davidfurt, DC 08910",1981-09-21,107983
David Barber,johnchambers@myers-fields.com,524-056-3658,"25865 Harris Mount
West Bethchester, KY 90286",1984-01-20,54793
Thomas Neal,wilsonvalerie@bowman.com,712-048-9452x561,"8437 Jones Union
South Julie, TN 36921",1994-04-13,147571
Adam Reid,lburgess@hotmail.com,001-709-892-1227x2279,"Unit 2429 Box 1200
DPO AE 30693",2001-12-14,80104
Lisa Coleman,iwest@brown.org,778.345.3775x18449,"3163 Herring Views Suite 364
North Elizabethmouth, ID 79134",1993-04-01,85098
John Salazar,sydney76@yahoo.com,(572)063-9385,"2227 Phelps Ridge Apt. 752
New Rose, MI 95712",1989-12-31,94236
Jennifer Trujillo,ginacole@yahoo.com,(100)119-1979,"9430 Ann Haven Suite 848
New Sydney, AR 69268",1957-04-06,45593
Christopher Flores,stephaniemendoza@allison.com,+1-531-926-2926x593,"919 Stanley River Suite 674
South Phillip, IL 31624",1951-11-27,57464
Sabrina Hill,brodriguez@thompson.com,(603)480-5274x237,"42045 Jennifer Grove
New Kennethville, IL 09503",2003-02-06,121154
Samantha Carter,michael46@brown.com,(271)814-8060,"PSC 5251, Box 4762
APO AP 36397",1982-02-08,71369
Jason Hardy,andersonamber@scott.com,001-244-226-0003x70380,"12390 Armstrong Spur
West Ashley, WY 46912",1941-04-02,130615
Gina Johnson,ymann@hotmail.com,(376)352-5701,"31398 Moses Glens Suite 371
Collinsbury, NM 01458",1943-12-18,125801
Jeremy Turner,kmay@hotmail.com,(914)906-5029x66414,"24480 Anthony Street Suite 667
Vanessachester, KS 41341",1979-02-26,47478
Michelle Davis,eric97@arroyo.biz,(142)394-9770x3882,"268 Karen Estates
Jesusstad, RI 61184",1997-07-27,96644
Justin Miller,kyliegibson@hotmail.com,+1-459-146-7299x98685,"847 Flores Overpass Suite 456
Jeremybury, IA 02184",1983-12-01,113412
Jordan Fleming,jacobbarber@gmail.com,058.670.5948,"07918 Smith Wall Suite 821
Leemouth, WV 02089",2004-12-03,34687
Kelsey Barber,irose@little.biz,001-830-070-4734,"228 April Junction Apt. 464
West Christopherfort, MA 81998",1942-08-30,133780
Melissa Shaw,johnolson@frost-robinson.com,284-858-8997,"5311 Simpson Via Suite 273
Salazarshire, AK 95396",1954-01-10,52025
James Campbell,kristinstewart@jones.net,256.306.0594x184,"Unit 6571 Box 6190
DPO AA 60757",1943-01-23,40366
David Ford,mwallace@simpson-bennett.org,368-978-7879,"Unit 2897 Box 3428
DPO AE 33104",1994-03-11,106021
Bryan Phillips,alexandriashah@mills-rogers.com,001-420-733-7418x294,"Unit 7841 Box 0894
DPO AP 15740",2004-11-29,86875
Oscar Ramirez,mark97@davis-white.com,699.890.3028x416,"360 Gregory Mountains
Thomasport, WI 92150",1972-02-25,95600
Kevin Davis,ihenry@hotmail.com,(260)212-8812x508,"5814 Mason Lane
West Thomasville, ME 34572",1944-09-08,54507
Kimberly Pierce,jameswashington@gmail.com,250.842.4557,"430 Cohen Creek
Christinamouth, CO 25873",1994-10-31,97931
Helen Franco,cathy81@hotmail.com,+1-264-864-1903x666,"123 Estrada Parks Suite 061
South Jasonbury, NJ 46943",1978-01-19,123288
Alexandria Dennis,masseybarry@gmail.com,+1-288-910-2560x868,"31618 Gilbert Cliffs
Russellbury, VA 22258",1978-05-23,140893
Jacob Perry,kevin13@hotmail.com,001-585-585-5013x4960,"984 Mcintosh Summit Suite 412
North Elizabeth, WY 55641",1970-06-01,97821
Jamie Cline,amyers@yahoo.com,029.491.8251,"1761 Charles Village
South April, WY 92999",1946-11-20,138507
Laura Gonzalez,pbradshaw@singh.com,(769)025-0493x15077,"9352 Jessica Mountains
East Robin, HI 07010",1977-09-11,32751
Samantha Johnson,michaelanderson@lester.net,(740)339-8820x617,"4594 Paul Valley Apt. 110
North Marciaport, TX 37731",1990-05-12,70526
Misty Fox,richard70@smith.com,950.943.9013x203,"129 Whitehead Flats
Port Andrea, WY 93631",2004-03-11,69992
Ryan Hughes,deborah96@wagner-rodriguez.com,(397)564-8624x31568,"235 Thomas Isle
New Stephen, CA 42866",1999-05-02,93859
Andrew Martin,ccurtis@yahoo.com,111-159-0988x785,"99778 Audrey Key
Williamsmouth, TX 09309",1984-08-17,79606
Lisa Jones,gwoods@hall.org,901.315.6715x9436,"940 Thomas Mill Apt. 935
North Claudiamouth, MN 50244",1980-10-15,41875
Christopher White,sharrison@yahoo.com,+1-348-375-1187x36870,"759 Torres Wall Suite 962
Lake Elijahfurt, NH 02625",1990-01-01,108251
